{
  "project_info": {
    "project_number": "449913128625",
    "project_id": "applo-599fd",
    "storage_bucket": "applo-599fd.firebasestorage.app"
  },
  "client": [
    {
      "client_info": {
        "mobilesdk_app_id": "1:449913128625:android:1d4af5320ef558003e0490",
        "android_client_info": {
          "package_name": "com.example.applo"
        }
      },
      "oauth_client": [],
      "api_key": [
        {
          "current_key": "AIzaSyC0D94LZl8M9aV3t2zBgNViRqe-STso20c"
        }
      ],
      "services": {
        "appinvite_service": {
          "other_platform_oauth_client": []
        }
      }
    }
  ],
  "configuration_version": "1"
}